"","houses_test.Id",".pred"
"1",1461,126888.7779
"2",1462,153386.478733333
"3",1463,179272.5815
"4",1464,184893.8943
"5",1465,197805.3711
"6",1466,183467.5097
"7",1467,171667.2375
"8",1468,175101.8209
"9",1469,180082.043
"10",1470,123745.9862
"11",1471,203322.688233333
"12",1472,96830.8573333333
"13",1473,99778.2641666667
"14",1474,152536.070947619
"15",1475,126336.752333333
"16",1476,382143.644066666
"17",1477,256260.897
"18",1478,302599.327366667
"19",1479,264736.558633333
"20",1480,461510.538
"21",1481,312225.981933333
"22",1482,206978.4085
"23",1483,183156.8581
"24",1484,172788.720133333
"25",1485,173812.735566667
"26",1486,200126.721766667
"27",1487,323112.063533333
"28",1488,235103.752433333
"29",1489,210281.813766667
"30",1490,208461.544433333
"31",1491,190190.637433333
"32",1492,100398.297966667
"33",1493,178692.9936
"34",1494,302469.7524
"35",1495,291433.364366667
"36",1496,228103.644066667
"37",1497,188149.538933333
"38",1498,154866.0325
"39",1499,153037.794266667
"40",1500,160508.8722
"41",1501,172976.184533333
"42",1502,158072.8783
"43",1503,285034.119433333
"44",1504,229523.1175
"45",1505,215969.118966667
"46",1506,179878.4136
"47",1507,241240.6112
"48",1508,196125.681966667
"49",1509,161442.780833333
"50",1510,152257.9555
"51",1511,151442.7825
"52",1512,170232.914466667
"53",1513,147123.289033333
"54",1514,159349.583633333
"55",1515,203673.068133333
"56",1516,160808.0138
"57",1517,154072.737766667
"58",1518,133262.618166667
"59",1519,226033.6537
"60",1520,138441.915833333
"61",1521,143949.472333333
"62",1522,162721.898533333
"63",1523,115433.125866667
"64",1524,123063.471833333
"65",1525,127728.2811
"66",1526,129849.202133333
"67",1527,107588.338733333
"68",1528,128388.717566667
"69",1529,144371.699933333
"70",1530,168510.073433333
"71",1531,131414.8086
"72",1532,109611.1022
"73",1533,150537.2108
"74",1534,117046.339266667
"75",1535,151416.175266667
"76",1536,119106.687666667
"77",1537,94194.7371333333
"78",1538,168935.549666667
"79",1539,227391.035233333
"80",1540,124617.0117
"81",1541,144955.8845
"82",1542,141596.803333333
"83",1543,197744.634833333
"84",1544,84314.9721333333
"85",1545,103751.1966
"86",1546,124919.6278
"87",1547,135207.684833333
"88",1548,131531.7186
"89",1549,114576.3982
"90",1550,142183.377733333
"91",1551,119384.684866667
"92",1552,144345.898466667
"93",1553,146950.2431
"94",1554,115392.228566667
"95",1555,168349.963933333
"96",1556,99664.6014333333
"97",1557,128919.723033333
"98",1558,97430.1062
"99",1559,125868.987033333
"100",1560,146220.886033333
"101",1561,161277.6829
"102",1562,127323.861266667
"103",1563,125581.4098
"104",1564,163272.794133333
"105",1565,154896.706766667
"106",1566,227078.9795
"107",1567,85511.3455666667
"108",1568,220186.646933333
"109",1569,145625.9178
"110",1570,132851.494433333
"111",1571,131286.216666667
"112",1572,143983.369466667
"113",1573,239684.6338
"114",1574,129757.281333333
"115",1575,221181.745033333
"116",1576,233287.874133333
"117",1577,203383.7207
"118",1578,151829.413233333
"119",1579,145249.118533333
"120",1580,187285.496933333
"121",1581,141798.0304
"122",1582,128130.295033333
"123",1583,334462.388333333
"124",1584,239394.692566667
"125",1585,140382.679828571
"126",1586,78786.7498333333
"127",1587,106559.6122
"128",1588,148791.797966667
"129",1589,101012.408966667
"130",1590,135014.103666667
"131",1591,105799.705
"132",1592,128600.269333333
"133",1593,121441.942166667
"134",1594,143752.7995
"135",1595,131794.989333333
"136",1596,228809.8871
"137",1597,168481.967033333
"138",1598,188503.1569
"139",1599,186154.1357
"140",1600,185163.979133333
"141",1601,76214.4367666667
"142",1602,113644.6952
"143",1603,99285.1177
"144",1604,281554.338533333
"145",1605,252994.2944
"146",1606,169597.594666667
"147",1607,170728.067566667
"148",1608,215160.1075
"149",1609,197770.611466667
"150",1610,163932.348966667
"151",1611,150390.574566667
"152",1612,176438.645233333
"153",1613,172229.514533333
"154",1614,122114.5613
"155",1615,90307.2861333333
"156",1616,83892.6915333333
"157",1617,89328.6686666666
"158",1618,126065.062233333
"159",1619,135960.3426
"160",1620,172705.058666667
"161",1621,142356.0456
"162",1622,144048.358766667
"163",1623,292229.902066667
"164",1624,220096.8268
"165",1625,128761.751366667
"166",1626,171721.151766667
"167",1627,185406.537233333
"168",1628,279472.062466667
"169",1629,176721.730833333
"170",1630,335021.878566667
"171",1631,216934.784366667
"172",1632,250604.1845
"173",1633,170528.081166667
"174",1634,187103.531633333
"175",1635,179777.832266667
"176",1636,165939.912766667
"177",1637,181704.213733333
"178",1638,205524.766266667
"179",1639,181331.459233333
"180",1640,242230.8425
"181",1641,178786.361766667
"182",1642,221055.5534
"183",1643,226572.3604
"184",1644,225120.473533333
"185",1645,181652.787266667
"186",1646,157456.125033333
"187",1647,162219.876866667
"188",1648,141709.397433333
"189",1649,140119.114933333
"190",1650,123304.932
"191",1651,123324.312666667
"192",1652,93786.7622666667
"193",1653,97544.2945333333
"194",1654,154815.743133333
"195",1655,149997.612766667
"196",1656,149378.9582
"197",1657,154104.192866667
"198",1658,158992.064166667
"199",1659,134511.300333333
"200",1660,152907.965133333
"201",1661,435263.084833333
"202",1662,373388.315866667
"203",1663,369250.079166667
"204",1664,435807.334433333
"205",1665,308491.305733333
"206",1666,332449.0285
"207",1667,354178.303533333
"208",1668,329620.73
"209",1669,295956.9039
"210",1670,336108.271366667
"211",1671,263348.0718
"212",1672,455376.883
"213",1673,299553.169166667
"214",1674,253846.182466667
"215",1675,194500.506733333
"216",1676,195673.585366667
"217",1677,214329.302133333
"218",1678,446019.327966667
"219",1679,384634.692466667
"220",1680,316743.710433333
"221",1681,253733.6947
"222",1682,306042.4618
"223",1683,191016.2698
"224",1684,173002.344166667
"225",1685,175644.3728
"226",1686,170780.068433333
"227",1687,169642.474266667
"228",1688,189387.8143
"229",1689,190774.738866667
"230",1690,185591.2503
"231",1691,175389.698433333
"232",1692,262034.9363
"233",1693,171370.7995
"234",1694,183280.2626
"235",1695,172184.010633333
"236",1696,277625.397566667
"237",1697,171941.176066667
"238",1698,346323.527466667
"239",1699,340057.3366
"240",1700,245528.6857
"241",1701,262711.462033333
"242",1702,254076.568366667
"243",1703,253884.8202
"244",1704,294712.701066667
"245",1705,235457.7979
"246",1706,436700.1968
"247",1707,218207.079866667
"248",1708,216274.556766667
"249",1709,277109.549
"250",1710,221793.2875
"251",1711,265939.660133334
"252",1712,254205.878166667
"253",1713,262744.488333333
"254",1714,217802.107933333
"255",1715,202934.5862
"256",1716,183243.722066667
"257",1717,163949.189666667
"258",1718,134561.9865
"259",1719,210299.431733333
"260",1720,252469.837166667
"261",1721,166882.873133333
"262",1722,129367.575766667
"263",1723,158874.7272
"264",1724,211457.857666667
"265",1725,229794.8214
"266",1726,194351.8107
"267",1727,178254.942466667
"268",1728,183211.5601
"269",1729,164738.488366667
"270",1730,165308.9739
"271",1731,123815.3846
"272",1732,132033.741
"273",1733,124798.578766667
"274",1734,131155.1587
"275",1735,135212.692333333
"276",1736,118053.441066667
"277",1737,347716.839366667
"278",1738,213947.782966667
"279",1739,297849.089133333
"280",1740,213342.348133333
"281",1741,187823.061166667
"282",1742,172389.6872
"283",1743,174352.020233333
"284",1744,296686.4938
"285",1745,225391.154833333
"286",1746,245957.375933333
"287",1747,211484.075866667
"288",1748,215612.952666667
"289",1749,162981.180466667
"290",1750,146314.561633333
"291",1751,220045.936266667
"292",1752,123122.090166667
"293",1753,147657.9026
"294",1754,198840.922233333
"295",1755,170322.884333333
"296",1756,123084.0294
"297",1757,121223.885233333
"298",1758,151308.114866667
"299",1759,163533.819866667
"300",1760,162725.967733333
"301",1761,153615.667
"302",1762,176229.743933333
"303",1763,170957.107
"304",1764,119913.718066667
"305",1765,180178.261866667
"306",1766,169242.147
"307",1767,205491.752733333
"308",1768,142615.084433333
"309",1769,165783.788533333
"310",1770,143811.714
"311",1771,139105.547166667
"312",1772,144646.160633333
"313",1773,140982.4561
"314",1774,140652.0755
"315",1775,132337.7873
"316",1776,123878.035766667
"317",1777,117794.230533333
"318",1778,134001.8743
"319",1779,119589.977833333
"320",1780,176689.862766667
"321",1781,130880.515166667
"322",1782,100803.834166667
"323",1783,134942.153633333
"324",1784,102983.9951
"325",1785,114911.708133333
"326",1786,157850.715633333
"327",1787,172993.469933333
"328",1788,66515.7270666666
"329",1789,100570.2069
"330",1790,89577.6646666667
"331",1791,183332.289133333
"332",1792,156074.786733333
"333",1793,142428.1703
"334",1794,141693.1316
"335",1795,139621.580366667
"336",1796,131366.142966667
"337",1797,120614.8235
"338",1798,124074.6897
"339",1799,114450.537466667
"340",1800,128251.098133333
"341",1801,130005.421966667
"342",1802,147767.140933333
"343",1803,151109.144066667
"344",1804,141372.073233333
"345",1805,135516.3265
"346",1806,117241.1187
"347",1807,139732.515866667
"348",1808,123815.1657
"349",1809,127381.377666667
"350",1810,145308.079066667
"351",1811,118202.5407
"352",1812,113196.455766667
"353",1813,122916.120666667
"354",1814,101115.762133333
"355",1815,64112.9234999999
"356",1816,103667.7381
"357",1817,135012.334933333
"358",1818,137722.7474
"359",1819,118360.256833333
"360",1820,86133.1454
"361",1821,121877.544866667
"362",1822,156925.6374
"363",1823,71433.2737333333
"364",1824,138060.298233333
"365",1825,136248.926933333
"366",1826,103889.2717
"367",1827,110003.677133333
"368",1828,136408.783333333
"369",1829,116329.673733333
"370",1830,142019.5837
"371",1831,158041.511533333
"372",1832,122313.858633333
"373",1833,143128.297466667
"374",1834,131353.8528
"375",1835,153382.202033333
"376",1836,131869.859066667
"377",1837,102803.970033333
"378",1838,131445.4062
"379",1839,90123.2373666666
"380",1840,166764.295966667
"381",1841,147497.1016
"382",1842,94217.4457666666
"383",1843,141348.483466667
"384",1844,139585.435866667
"385",1845,145715.060166667
"386",1846,153973.8445
"387",1847,159090.273433333
"388",1848,69496.8912
"389",1849,121087.393166667
"390",1850,127984.464933333
"391",1851,151638.177833333
"392",1852,126525.8447
"393",1853,140069.521766667
"394",1854,168044.212533333
"395",1855,160422.0598
"396",1856,218353.725166667
"397",1857,188078.896
"398",1858,145794.731633333
"399",1859,121965.561933333
"400",1860,151560.906966667
"401",1861,122096.9782
"402",1862,283663.73
"403",1863,278141.421633333
"404",1864,278141.421633333
"405",1865,327557.269966666
"406",1866,328325.234266667
"407",1867,240655.7458
"408",1868,299025.706366667
"409",1869,201520.9367
"410",1870,241640.9181
"411",1871,251300.469366667
"412",1872,171837.8725
"413",1873,228887.145233333
"414",1874,138446.153166667
"415",1875,205447.338566667
"416",1876,196463.0235
"417",1877,214064.916666667
"418",1878,212672.424766667
"419",1879,131937.405333333
"420",1880,136362.6165
"421",1881,246841.947233333
"422",1882,256741.920066667
"423",1883,199504.353833333
"424",1884,217111.020766667
"425",1885,255722.474933333
"426",1886,296858.0244
"427",1887,209149.298533333
"428",1888,278480.4722
"429",1889,168197.910033333
"430",1890,134394.486633333
"431",1891,143407.4006
"432",1892,113148.657333333
"433",1893,135144.908533333
"434",1894,132792.8964
"435",1895,146500.2191
"436",1896,123096.902666667
"437",1897,120984.5801
"438",1898,112772.851633333
"439",1899,141645.8646
"440",1900,136511.880866667
"441",1901,162005.4812
"442",1902,142532.185766667
"443",1903,208173.496266667
"444",1904,138950.2262
"445",1905,180104.558133333
"446",1906,152072.5869
"447",1907,203977.971533333
"448",1908,119151.058333333
"449",1909,134678.013266667
"450",1910,126021.3921
"451",1911,195092.194633333
"452",1912,275664.264433333
"453",1913,149689.907933333
"454",1914,72207.1055333333
"455",1915,324951.794766667
"456",1916,77583.3815666667
"457",1917,258603.994366667
"458",1918,135997.107333333
"459",1919,161543.151366667
"460",1920,170812.8788
"461",1921,405853.970866667
"462",1922,323608.0041
"463",1923,201305.5395
"464",1924,218094.0931
"465",1925,224538.9914
"466",1926,378793.479266667
"467",1927,136916.219866667
"468",1928,157119.649866667
"469",1929,126681.803033333
"470",1930,135911.4454
"471",1931,142658.330266667
"472",1932,142078.2183
"473",1933,182245.772766667
"474",1934,180056.632633333
"475",1935,176456.0463
"476",1936,187666.6792
"477",1937,180780.964766667
"478",1938,178522.397333333
"479",1939,254173.462066667
"480",1940,198384.546466667
"481",1941,176843.6363
"482",1942,192211.491066667
"483",1943,199593.3798
"484",1944,314152.279266667
"485",1945,364623.6031
"486",1946,164287.256
"487",1947,306606.6984
"488",1948,168375.9242
"489",1949,238793.3098
"490",1950,179429.2765
"491",1951,261584.612233333
"492",1952,229022.173033333
"493",1953,167150.733333333
"494",1954,195349.371866667
"495",1955,133667.605
"496",1956,289788.906
"497",1957,166372.41
"498",1958,316384.9435
"499",1959,142341.827633333
"500",1960,116699.6372
"501",1961,122222.3454
"502",1962,95416.7583333333
"503",1963,103972.049533333
"504",1964,112363.224466667
"505",1965,149575.841466667
"506",1966,148036.996733333
"507",1967,293668.995066667
"508",1968,411460.419733333
"509",1969,372008.747066667
"510",1970,417465.0941
"511",1971,408170.216466667
"512",1972,349526.2248
"513",1973,268282.889333333
"514",1974,318596.522866667
"515",1975,446777.583566667
"516",1976,274427.400733333
"517",1977,367673.7934
"518",1978,356506.813933333
"519",1979,332116.087433333
"520",1980,195705.391333333
"521",1981,339119.779866667
"522",1982,231165.1886
"523",1983,220271.820933333
"524",1984,169483.4299
"525",1985,216672.754133333
"526",1986,217103.800666667
"527",1987,181757.394766667
"528",1988,179011.296666667
"529",1989,190539.1714
"530",1990,221869.583666667
"531",1991,220357.5738
"532",1992,217873.819533333
"533",1993,173415.017033333
"534",1994,240670.1874
"535",1995,182012.788033333
"536",1996,263844.4774
"537",1997,317182.225866667
"538",1998,342983.217566667
"539",1999,256165.811233333
"540",2000,302155.192933333
"541",2001,279195.8056
"542",2002,237796.9162
"543",2003,253226.890633333
"544",2004,271897.5248
"545",2005,229014.094266667
"546",2006,220065.517666667
"547",2007,247272.422333333
"548",2008,209413.855766667
"549",2009,198270.480566667
"550",2010,190299.188533333
"551",2011,138905.986133333
"552",2012,177036.076166667
"553",2013,182632.012566667
"554",2014,191026.121233333
"555",2015,196425.962033333
"556",2016,199507.1121
"557",2017,202113.756666667
"558",2018,127512.179633333
"559",2019,131521.765533333
"560",2020,119574.960733333
"561",2021,115458.053666667
"562",2022,176576.858533333
"563",2023,151979.904633333
"564",2024,241586.543766667
"565",2025,352904.0066
"566",2026,184739.799333333
"567",2027,155962.766333333
"568",2028,154939.931633333
"569",2029,172645.799166667
"570",2030,275842.7805
"571",2031,233686.905466667
"572",2032,254665.725133333
"573",2033,262045.016933333
"574",2034,164761.2812
"575",2035,206998.107333333
"576",2036,185961.844233333
"577",2037,191312.0826
"578",2038,295260.575566666
"579",2039,209803.162033333
"580",2040,352668.389733333
"581",2041,264640.555133333
"582",2042,204091.649
"583",2043,166074.908933333
"584",2044,169378.166333333
"585",2045,212195.494833333
"586",2046,138320.495766667
"587",2047,150619.191433333
"588",2048,134742.124133333
"589",2049,136604.793733333
"590",2050,178522.752566667
"591",2051,108557.364566667
"592",2052,137799.3155
"593",2053,143371.1515
"594",2054,90484.4829666666
"595",2055,161307.773866667
"596",2056,136806.2257
"597",2057,126330.0192
"598",2058,227896.078366667
"599",2059,136565.781633333
"600",2060,158908.043733333
"601",2061,171355.928433333
"602",2062,138318.970666667
"603",2063,113946.7155
"604",2064,139547.773433333
"605",2065,123483.387233333
"606",2066,175792.776066667
"607",2067,134112.1285
"608",2068,143626.460233333
"609",2069,89156.6958666666
"610",2070,110958.491066667
"611",2071,99355.3607333334
"612",2072,134353.1631
"613",2073,139187.6841
"614",2074,172986.8277
"615",2075,146245.186833333
"616",2076,121110.276266667
"617",2077,149699.841633333
"618",2078,129602.077566667
"619",2079,132823.742466667
"620",2080,115258.873766667
"621",2081,123942.096333333
"622",2082,135450.2368
"623",2083,144045.8388
"624",2084,112717.346533333
"625",2085,133892.787666667
"626",2086,126031.163466667
"627",2087,121371.171766667
"628",2088,108738.626666667
"629",2089,90162.1324
"630",2090,137113.677933333
"631",2091,123905.8816
"632",2092,132276.725033333
"633",2093,137855.649933333
"634",2094,125801.2879
"635",2095,148101.1671
"636",2096,90404.0355
"637",2097,100005.491866667
"638",2098,144438.774166667
"639",2099,64172.0678666666
"640",2100,118017.1299
"641",2101,128101.689866667
"642",2102,137488.0224
"643",2103,106401.721533333
"644",2104,130720.2088
"645",2105,130529.196533333
"646",2106,85965.3662333334
"647",2107,212246.7057
"648",2108,118323.8622
"649",2109,115390.354933333
"650",2110,133815.696733333
"651",2111,149235.0684
"652",2112,137532.0897
"653",2113,116796.1122
"654",2114,110006.7324
"655",2115,147734.089366667
"656",2116,117364.006933333
"657",2117,148220.053066667
"658",2118,121027.853666667
"659",2119,110090.9137
"660",2120,115161.806633333
"661",2121,111264.833833333
"662",2122,101764.366933333
"663",2123,94518.9575666666
"664",2124,167358.043333333
"665",2125,133009.436166667
"666",2126,157252.534833333
"667",2127,152050.852866667
"668",2128,136230.047766667
"669",2129,106832.536833333
"670",2130,143647.253
"671",2131,154952.854933333
"672",2132,119801.438733333
"673",2133,118195.213266667
"674",2134,121423.102733333
"675",2135,106834.292666667
"676",2136,90671.4435333334
"677",2137,123972.705166667
"678",2138,138758.4055
"679",2139,152072.845966667
"680",2140,135122.437666667
"681",2141,142130.793
"682",2142,137061.415766667
"683",2143,146314.9903
"684",2144,127212.481366667
"685",2145,135756.607333333
"686",2146,156726.457066667
"687",2147,161066.452866667
"688",2148,131763.959133333
"689",2149,143446.313866667
"690",2150,206909.2576
"691",2151,116898.1916
"692",2152,172833.0813
"693",2153,159890.716966667
"694",2154,111886.8679
"695",2155,134238.573433333
"696",2156,252183.9286
"697",2157,234361.119166667
"698",2158,235211.148733333
"699",2159,212501.541033333
"700",2160,170691.261
"701",2161,251022.473466667
"702",2162,436724.2353
"703",2163,347762.0659
"704",2164,258695.7502
"705",2165,184548.252533333
"706",2166,144378.602666667
"707",2167,204332.224433333
"708",2168,208654.281666667
"709",2169,193736.272633333
"710",2170,219946.623966667
"711",2171,148867.197033333
"712",2172,140455.0815
"713",2173,158038.1402
"714",2174,236418.2721
"715",2175,306315.2423
"716",2176,322638.5344
"717",2177,254005.556866667
"718",2178,218652.007
"719",2179,146372.864261905
"720",2180,226377.532566667
"721",2181,195246.133466667
"722",2182,228032.605633333
"723",2183,195523.772333333
"724",2184,138421.317766667
"725",2185,134624.517766667
"726",2186,142716.191
"727",2187,148221.917266667
"728",2188,152963.807933333
"729",2189,211550.9621
"730",2190,88774.5405
"731",2191,91562.0528666667
"732",2192,96246.1873333333
"733",2193,98962.1380666666
"734",2194,105443.897966667
"735",2195,114499.9504
"736",2196,111359.191566667
"737",2197,116778.738566667
"738",2198,152162.3424
"739",2199,165352.756466667
"740",2200,133894.9539
"741",2201,132947.213233333
"742",2202,182635.723366667
"743",2203,162814.253366667
"744",2204,172239.893633333
"745",2205,116766.383833333
"746",2206,134974.245533333
"747",2207,216243.9408
"748",2208,231145.0684
"749",2209,197991.368133333
"750",2210,123743.231866667
"751",2211,114414.945666667
"752",2212,111701.9903
"753",2213,106229.3644
"754",2214,142605.3271
"755",2215,103871.238033333
"756",2216,144380.860233333
"757",2217,81206.5522666667
"758",2218,96394.2716
"759",2219,83166.5801333333
"760",2220,83397.6279333333
"761",2221,324286.779333333
"762",2222,252885.091133333
"763",2223,292023.704033333
"764",2224,224935.083333333
"765",2225,141037.7689
"766",2226,188199.4408
"767",2227,204172.668766667
"768",2228,278828.3157
"769",2229,239544.977133333
"770",2230,163232.9185
"771",2231,214375.445066667
"772",2232,182974.984466667
"773",2233,183445.357566667
"774",2234,244174.502333333
"775",2235,216525.5245
"776",2236,272584.900733333
"777",2237,355026.325433333
"778",2238,207239.399466667
"779",2239,123532.1399
"780",2240,159352.663
"781",2241,154134.5753
"782",2242,136803.262133333
"783",2243,129309.949833333
"784",2244,96368.5022666666
"785",2245,96848.0465
"786",2246,146177.499166667
"787",2247,106107.3578
"788",2248,124974.609266667
"789",2249,125978.994333333
"790",2250,135741.898
"791",2251,138856.311
"792",2252,176472.7228
"793",2253,162105.545833333
"794",2254,177548.294566667
"795",2255,189520.1415
"796",2256,180850.015833333
"797",2257,202675.5284
"798",2258,171178.254833333
"799",2259,177500.9894
"800",2260,156128.899666667
"801",2261,187422.5433
"802",2262,207861.979666667
"803",2263,333026.4286
"804",2264,430109.019433333
"805",2265,172167.0049
"806",2266,281006.7051
"807",2267,356598.598766667
"808",2268,373655.8673
"809",2269,162467.208833333
"810",2270,177680.745333333
"811",2271,227408.999466667
"812",2272,201958.173366667
"813",2273,166020.746633333
"814",2274,171452.776066667
"815",2275,165909.3351
"816",2276,178325.1221
"817",2277,183765.841133333
"818",2278,151368.0267
"819",2279,122879.696533333
"820",2280,118911.105933333
"821",2281,182742.1916
"822",2282,190539.9699
"823",2283,97678.994
"824",2284,108371.8694
"825",2285,143555.563266667
"826",2286,128656.970266667
"827",2287,340434.7692
"828",2288,273763.659233333
"829",2289,388704.457433333
"830",2290,413945.311166667
"831",2291,317541.727
"832",2292,398901.6801
"833",2293,453328.082433333
"834",2294,392175.4661
"835",2295,442250.975633333
"836",2296,280788.407666667
"837",2297,308905.759533333
"838",2298,324436.747433333
"839",2299,378476.865733333
"840",2300,322254.2158
"841",2301,281856.8102
"842",2302,241463.589166667
"843",2303,244839.383366667
"844",2304,245388.7476
"845",2305,188066.148533333
"846",2306,190479.6897
"847",2307,192665.943566667
"848",2308,223524.6643
"849",2309,277790.396033333
"850",2310,223921.191366667
"851",2311,201412.628766667
"852",2312,177026.971833333
"853",2313,176940.343033333
"854",2314,179183.905933333
"855",2315,174720.3988
"856",2316,200774.879233333
"857",2317,179645.135666667
"858",2318,176014.1119
"859",2319,175557.080533333
"860",2320,182555.8273
"861",2321,249080.9765
"862",2322,171783.929333333
"863",2323,177773.788733333
"864",2324,168899.118866667
"865",2325,218186.956866667
"866",2326,167827.181066667
"867",2327,213776.336266667
"868",2328,222126.709166667
"869",2329,183116.595033333
"870",2330,178349.6322
"871",2331,353741.355066667
"872",2332,381669.1456
"873",2333,306993.153966667
"874",2334,265130.383033333
"875",2335,260004.014466667
"876",2336,322208.097133333
"877",2337,203963.3641
"878",2338,278002.8742
"879",2339,234839.950266667
"880",2340,384359.6496
"881",2341,220820.035566667
"882",2342,237711.531066667
"883",2343,219829.106766667
"884",2344,238231.397733333
"885",2345,241535.8447
"886",2346,211935.750466667
"887",2347,197504.589833333
"888",2348,225930.7131
"889",2349,173064.623566667
"890",2350,280787.678333333
"891",2351,259865.705566667
"892",2352,247490.668633333
"893",2353,265561.351833333
"894",2354,127349.4321
"895",2355,150147.587766667
"896",2356,154510.659966667
"897",2357,201908.192266667
"898",2358,202364.656433333
"899",2359,122370.0528
"900",2360,120839.892433333
"901",2361,138742.2312
"902",2362,266594.721866667
"903",2363,139764.596833333
"904",2364,152722.2815
"905",2365,217404.054833333
"906",2366,189568.2501
"907",2367,232072.832933333
"908",2368,204957.573533333
"909",2369,228629.810033333
"910",2370,171611.2176
"911",2371,170905.9848
"912",2372,188533.958666667
"913",2373,260702.885233333
"914",2374,285923.274633333
"915",2375,246913.453166667
"916",2376,267825.333333333
"917",2377,332970.562133333
"918",2378,141604.8182
"919",2379,194080.3474
"920",2380,145170.5834
"921",2381,160870.949633333
"922",2382,191355.8414
"923",2383,208567.5302
"924",2384,241817.400766667
"925",2385,155089.5428
"926",2386,139507.706
"927",2387,136693.163433333
"928",2388,113623.062966667
"929",2389,131842.9281
"930",2390,145010.558866667
"931",2391,135608.085566667
"932",2392,114106.089666667
"933",2393,159565.923466667
"934",2394,146947.570466667
"935",2395,195079.5104
"936",2396,146712.703666667
"937",2397,201595.989533333
"938",2398,127752.1329
"939",2399,66540.9298666667
"940",2400,64786.4577
"941",2401,116520.445
"942",2402,136251.6035
"943",2403,133061.312366667
"944",2404,150667.313533333
"945",2405,159389.082433333
"946",2406,135245.8359
"947",2407,128470.2316
"948",2408,136273.521033333
"949",2409,137648.1225
"950",2410,163594.263966667
"951",2411,124292.631866667
"952",2412,151780.014833333
"953",2413,137443.7477
"954",2414,134714.040666667
"955",2415,131263.7815
"956",2416,125846.565866667
"957",2417,128354.372866667
"958",2418,126879.3632
"959",2419,131661.450433333
"960",2420,128814.532366667
"961",2421,147100.215766667
"962",2422,119538.834433333
"963",2423,135411.1333
"964",2424,152244.0471
"965",2425,221476.779133333
"966",2426,128438.164033333
"967",2427,140700.452066667
"968",2428,166569.750666667
"969",2429,115121.323866667
"970",2430,130259.834733333
"971",2431,120338.166833333
"972",2432,135345.546
"973",2433,144206.2971
"974",2434,143560.704333333
"975",2435,152183.974566667
"976",2436,108160.6886
"977",2437,111547.752
"978",2438,123091.262066667
"979",2439,117471.5791
"980",2440,122124.2674
"981",2441,105932.5066
"982",2442,109545.808666667
"983",2443,118332.183566667
"984",2444,129910.020766667
"985",2445,91611.0105
"986",2446,132245.055033333
"987",2447,205087.7073
"988",2448,146174.052933333
"989",2449,113759.948166667
"990",2450,152538.270733333
"991",2451,127351.2926
"992",2452,210631.401266667
"993",2453,99631.3502333333
"994",2454,122861.078466667
"995",2455,110224.498833333
"996",2456,134512.608666667
"997",2457,118500.335833333
"998",2458,112377.3319
"999",2459,112135.6458
"1000",2460,135420.985466667
"1001",2461,116904.289533333
"1002",2462,131485.6072
"1003",2463,115760.0196
"1004",2464,159686.1949
"1005",2465,130834.0089
"1006",2466,116099.975633333
"1007",2467,142431.8043
"1008",2468,94530.6432333333
"1009",2469,92786.6059333334
"1010",2470,179305.4842
"1011",2471,187756.1023
"1012",2472,171736.951
"1013",2473,120799.554
"1014",2474,110195.402166667
"1015",2475,219082.9113
"1016",2476,110700.2151
"1017",2477,131862.2686
"1018",2478,161382.533133333
"1019",2479,120045.4137
"1020",2480,147537.210233333
"1021",2481,125929.8577
"1022",2482,133318.109866667
"1023",2483,118825.591533333
"1024",2484,126764.8295
"1025",2485,125670.1265
"1026",2486,153413.0389
"1027",2487,192039.003633333
"1028",2488,138237.563333333
"1029",2489,154771.830666667
"1030",2490,152811.382533333
"1031",2491,95950.4952666667
"1032",2492,183212.2497
"1033",2493,146398.1895
"1034",2494,162676.8951
"1035",2495,105926.106933333
"1036",2496,224433.221433333
"1037",2497,146771.584166667
"1038",2498,118313.151066667
"1039",2499,97313.3436666667
"1040",2500,135391.1904
"1041",2501,133353.6095
"1042",2502,143029.1311
"1043",2503,107776.715666667
"1044",2504,190965.755333333
"1045",2505,220844.309533333
"1046",2506,255982.857366667
"1047",2507,326652.296766666
"1048",2508,255516.758833333
"1049",2509,222023.534533333
"1050",2510,227947.977133333
"1051",2511,186527.3917
"1052",2512,215169.7958
"1053",2513,216460.527566667
"1054",2514,240736.7114
"1055",2515,151744.153866667
"1056",2516,168485.452066667
"1057",2517,135644.641133333
"1058",2518,142294.326666667
"1059",2519,226323.475866667
"1060",2520,209232.100366667
"1061",2521,194910.905033333
"1062",2522,220043.292166667
"1063",2523,131894.4572
"1064",2524,138991.677433333
"1065",2525,146580.7423
"1066",2526,137973.041766667
"1067",2527,116883.803633333
"1068",2528,128283.995666667
"1069",2529,131026.098633333
"1070",2530,116941.594633333
"1071",2531,249556.968033333
"1072",2532,229323.550733333
"1073",2533,201178.961633333
"1074",2534,242662.863766667
"1075",2535,290401.186033333
"1076",2536,233946.453033333
"1077",2537,224869.143933333
"1078",2538,182202.2195
"1079",2539,185078.058166667
"1080",2540,180599.557133333
"1081",2541,179043.111533333
"1082",2542,171772.8159
"1083",2543,130812.388166667
"1084",2544,128158.696166667
"1085",2545,133015.3809
"1086",2546,142647.0458
"1087",2547,137947.9409
"1088",2548,154015.0648
"1089",2549,162933.313366667
"1090",2550,409543.299166667
"1091",2551,145977.980066667
"1092",2552,122909.158633333
"1093",2553,90050.8175333333
"1094",2554,120790.4875
"1095",2555,114160.0038
"1096",2556,108020.996266667
"1097",2557,117749.311933333
"1098",2558,166084.332133333
"1099",2559,139576.1909
"1100",2560,129646.633566667
"1101",2561,125651.468066667
"1102",2562,134353.365433333
"1103",2563,148093.387233333
"1104",2564,172465.154
"1105",2565,132995.656333333
"1106",2566,153880.152233333
"1107",2567,130903.299266667
"1108",2568,185999.491666667
"1109",2569,188448.5176
"1110",2570,122390.184033333
"1111",2571,188797.9101
"1112",2572,170103.105
"1113",2573,218559.041133333
"1114",2574,283347.420566667
"1115",2575,124337.145666667
"1116",2576,137178.019133333
"1117",2577,158316.317266667
"1118",2578,98565.9928
"1119",2579,81702.9202
"1120",2580,138410.0368
"1121",2581,133891.949
"1122",2582,118301.6077
"1123",2583,281966.817633333
"1124",2584,165025.109
"1125",2585,199797.753766667
"1126",2586,213365.902333333
"1127",2587,199371.384366667
"1128",2588,142410.588966667
"1129",2589,145545.121633333
"1130",2590,222241.407
"1131",2591,216697.065733333
"1132",2592,225148.764566667
"1133",2593,259617.591433333
"1134",2594,171978.057366667
"1135",2595,202721.442566667
"1136",2596,335581.585633333
"1137",2597,194746.738033333
"1138",2598,266491.1031
"1139",2599,317787.8627
"1140",2600,174834.0181
"1141",2601,140568.431533333
"1142",2602,86677.0375666667
"1143",2603,94737.3126666666
"1144",2604,89312.8089333333
"1145",2605,86314.1732333333
"1146",2606,147718.118933333
"1147",2607,181183.200533333
"1148",2608,199126.092066667
"1149",2609,161552.502366667
"1150",2610,115690.077666667
"1151",2611,147074.038266667
"1152",2612,152720.8291
"1153",2613,126308.751133333
"1154",2614,124327.632333333
"1155",2615,149898.8824
"1156",2616,139289.2025
"1157",2617,180198.660633333
"1158",2618,185263.0898
"1159",2619,210843.320933333
"1160",2620,185205.5206
"1161",2621,185783.592166667
"1162",2622,189103.924366667
"1163",2623,250194.858133333
"1164",2624,288598.293333333
"1165",2625,315460.1048
"1166",2626,167270.971166667
"1167",2627,179568.355566667
"1168",2628,404528.7159
"1169",2629,474048.7726
"1170",2630,346487.587633334
"1171",2631,445102.7278
"1172",2632,395290.492766667
"1173",2633,305180.986166666
"1174",2634,382616.7035
"1175",2635,152107.768766667
"1176",2636,188807.3225
"1177",2637,173509.455833333
"1178",2638,252489.236933333
"1179",2639,181778.055833333
"1180",2640,153139.102733333
"1181",2641,110727.505533333
"1182",2642,202558.010066667
"1183",2643,110302.6045
"1184",2644,132920.2483
"1185",2645,98784.7464
"1186",2646,92103.5542666667
"1187",2647,99604.2324333333
"1188",2648,138711.0454
"1189",2649,141656.564
"1190",2650,140606.8106
"1191",2651,149577.7781
"1192",2652,424547.3499
"1193",2653,250653.230966667
"1194",2654,261670.511666667
"1195",2655,367324.0407
"1196",2656,325348.098266667
"1197",2657,319124.693266667
"1198",2658,275267.426833333
"1199",2659,300230.827366667
"1200",2660,326396.716733333
"1201",2661,338032.387666667
"1202",2662,343069.539033333
"1203",2663,279670.573233333
"1204",2664,274215.3551
"1205",2665,317577.3678
"1206",2666,288103.707366667
"1207",2667,171140.200566667
"1208",2668,177758.232566667
"1209",2669,178997.527133333
"1210",2670,288353.796766667
"1211",2671,178876.052933333
"1212",2672,184995.3954
"1213",2673,210025.339333333
"1214",2674,211292.178066667
"1215",2675,167458.069966667
"1216",2676,188043.376733333
"1217",2677,198323.721733333
"1218",2678,260701.228066667
"1219",2679,281442.538166667
"1220",2680,277904.5244
"1221",2681,389349.947433334
"1222",2682,327655.943033333
"1223",2683,513363.501966667
"1224",2684,308428.6697
"1225",2685,341215.1071
"1226",2686,264317.770233333
"1227",2687,320187.0621
"1228",2688,230974.086166667
"1229",2689,207280.977366667
"1230",2690,456384.5302
"1231",2691,195648.830733333
"1232",2692,132353.355766667
"1233",2693,194951.876
"1234",2694,128511.349433333
"1235",2695,192671.1375
"1236",2696,185347.364366667
"1237",2697,199245.2616
"1238",2698,201565.5222
"1239",2699,184588.101566667
"1240",2700,171116.654733333
"1241",2701,162515.953233333
"1242",2702,120033.940266667
"1243",2703,133540.840666667
"1244",2704,142853.332033333
"1245",2705,128550.524533333
"1246",2706,119675.4384
"1247",2707,124061.3186
"1248",2708,135328.985433333
"1249",2709,114809.0702
"1250",2710,126439.7288
"1251",2711,277896.766033333
"1252",2712,364504.946533333
"1253",2713,171827.491233333
"1254",2714,150573.034466667
"1255",2715,171839.855466667
"1256",2716,157074.771666667
"1257",2717,183084.5926
"1258",2718,237913.165266667
"1259",2719,156598.2037
"1260",2720,162632.1362
"1261",2721,142566.351266667
"1262",2722,160394.091766667
"1263",2723,147670.581766667
"1264",2724,129551.982
"1265",2725,137422.382166667
"1266",2726,145449.909933333
"1267",2727,163575.483166667
"1268",2728,166181.4231
"1269",2729,155620.930533333
"1270",2730,144252.067333333
"1271",2731,119035.4924
"1272",2732,119778.0209
"1273",2733,160030.843233333
"1274",2734,147423.2589
"1275",2735,132700.0509
"1276",2736,146047.821433333
"1277",2737,124035.1434
"1278",2738,134525.844266667
"1279",2739,161239.210166667
"1280",2740,135258.045966667
"1281",2741,147839.0211
"1282",2742,152261.528133333
"1283",2743,149275.5092
"1284",2744,146077.355
"1285",2745,138379.254
"1286",2746,132448.516166667
"1287",2747,158261.6179
"1288",2748,126421.9619
"1289",2749,131741.667933333
"1290",2750,133670.017666667
"1291",2751,129927.6545
"1292",2752,235969.442866667
"1293",2753,150095.322933333
"1294",2754,220900.4929
"1295",2755,126008.1513
"1296",2756,96928.4708333333
"1297",2757,80729.0652333333
"1298",2758,89136.9658666666
"1299",2759,156279.329366667
"1300",2760,143975.359233333
"1301",2761,147740.334166667
"1302",2762,146175.519066667
"1303",2763,184030.199266667
"1304",2764,170093.308166667
"1305",2765,252123.8973
"1306",2766,138476.131133333
"1307",2767,91972.7484333333
"1308",2768,134548.714266667
"1309",2769,131833.509333333
"1310",2770,147555.649266667
"1311",2771,120489.8532
"1312",2772,123069.626666667
"1313",2773,169039.2219
"1314",2774,137155.412166667
"1315",2775,136776.2464
"1316",2776,139701.1545
"1317",2777,144904.056733333
"1318",2778,112306.496033333
"1319",2779,148722.595728571
"1320",2780,106520.425933333
"1321",2781,103795.360066667
"1322",2782,99578.3933
"1323",2783,108060.771366667
"1324",2784,127728.842533333
"1325",2785,139228.733233333
"1326",2786,78281.7594
"1327",2787,117335.854766667
"1328",2788,90042.0972666667
"1329",2789,178941.377533333
"1330",2790,98098.0195
"1331",2791,120268.7087
"1332",2792,84697.256
"1333",2793,166030.070766667
"1334",2794,108925.722933333
"1335",2795,117361.240133333
"1336",2796,103987.295133333
"1337",2797,190025.6717
"1338",2798,122169.1859
"1339",2799,119991.5472
"1340",2800,80037.3507333333
"1341",2801,112938.203366667
"1342",2802,134834.725166667
"1343",2803,160683.0963
"1344",2804,147402.978866667
"1345",2805,100431.382366667
"1346",2806,95004.7882
"1347",2807,149726.524833333
"1348",2808,148262.112333333
"1349",2809,133590.4285
"1350",2810,137905.584966667
"1351",2811,162137.9568
"1352",2812,145145.7757
"1353",2813,159452.762666667
"1354",2814,159311.3154
"1355",2815,106398.5794
"1356",2816,238919.3376
"1357",2817,142334.3422
"1358",2818,132491.400766667
"1359",2819,169760.313733333
"1360",2820,142098.739733333
"1361",2821,110057.264466667
"1362",2822,192443.522966667
"1363",2823,257509.661866667
"1364",2824,176523.1418
"1365",2825,155084.210666667
"1366",2826,131477.128166667
"1367",2827,139666.541066667
"1368",2828,235152.537166667
"1369",2829,202434.455633333
"1370",2830,232534.625666667
"1371",2831,190749.936233333
"1372",2832,238011.6682
"1373",2833,285412.540233333
"1374",2834,217651.876066667
"1375",2835,218848.995533333
"1376",2836,193780.193633333
"1377",2837,165282.533966667
"1378",2838,146370.265033333
"1379",2839,181261.477466667
"1380",2840,191948.4648
"1381",2841,202688.8735
"1382",2842,221636.961233333
"1383",2843,146557.412166667
"1384",2844,159298.578766667
"1385",2845,124417.334133333
"1386",2846,213249.5566
"1387",2847,199781.2764
"1388",2848,213356.558033333
"1389",2849,213890.069533333
"1390",2850,281459.9275
"1391",2851,233987.9168
"1392",2852,230339.079933333
"1393",2853,237083.949533333
"1394",2854,140013.977961905
"1395",2855,203180.8518
"1396",2856,209799.798333333
"1397",2857,188417.7636
"1398",2858,200296.212933333
"1399",2859,138817.594233333
"1400",2860,128244.9215
"1401",2861,137744.470133333
"1402",2862,197583.384
"1403",2863,123696.809066667
"1404",2864,256884.164
"1405",2865,142497.068833333
"1406",2866,134667.763119048
"1407",2867,93142.9541666666
"1408",2868,118898.805366667
"1409",2869,124661.903066667
"1410",2870,150754.177933333
"1411",2871,104828.3347
"1412",2872,64005.2206333333
"1413",2873,108148.362366667
"1414",2874,139950.526766667
"1415",2875,118182.0438
"1416",2876,155092.1988
"1417",2877,144120.853933333
"1418",2878,166761.047566667
"1419",2879,144193.0914
"1420",2880,108016.347033333
"1421",2881,151833.595666667
"1422",2882,162402.294066667
"1423",2883,181621.357233333
"1424",2884,185213.616266667
"1425",2885,183052.865433333
"1426",2886,200447.393033333
"1427",2887,104295.299766667
"1428",2888,123794.846466667
"1429",2889,66073.4687333333
"1430",2890,87321.7553666666
"1431",2891,136561.9394
"1432",2892,71962.9915333333
"1433",2893,113472.478433333
"1434",2894,69884.2967333333
"1435",2895,309154.364966667
"1436",2896,285048.7618
"1437",2897,197347.583
"1438",2898,148745.365066667
"1439",2899,228202.904866667
"1440",2900,156769.972833333
"1441",2901,198264.657066667
"1442",2902,194392.696866667
"1443",2903,349713.396166667
"1444",2904,351223.5472
"1445",2905,121187.096133333
"1446",2906,205009.115366667
"1447",2907,117437.4014
"1448",2908,127518.073133333
"1449",2909,141916.0816
"1450",2910,84408.215
"1451",2911,86532.4175666666
"1452",2912,152299.221733333
"1453",2913,89222.8206666667
"1454",2914,86903.402
"1455",2915,87747.1887333333
"1456",2916,87566.7969333333
"1457",2917,158419.352933333
"1458",2918,116240.799733333
"1459",2919,232301.6444
